rule_id,recommendation_id,action_type,automation_level,variable,operator,value_min,value_target,value_max,unit,weight_basis,time_basis,icu_day_min,icu_day_max,requires_measured_ee,requires_receiving_en,calculator
ESPEN23_R17_RULE,ESPEN23_R17,CALCULATE,CLINICIAN_CONFIRMATION_REQUIRED,energy_fraction,MAX,,,0.70,fraction,,early_acute_phase,1,3,false,false,measured_ee_fraction
ESPEN23_R18_RULE,ESPEN23_R18,CALCULATE,CLINICIAN_CONFIRMATION_REQUIRED,energy_fraction,RANGE,0.80,,1.00,fraction,,after_day_3,4,,true,false,measured_ee_fraction
ESPEN23_R22_RULE,ESPEN23_R22,CALCULATE,CLINICIAN_CONFIRMATION_REQUIRED,protein,TARGET,,1.3,,g/kg/day,clinician_selected,progressive,,,false,false,weight_based
ESPEN23_R23_RULE,ESPEN23_R23,CHECK_LIMIT,CALCULATED_RESULT,carbohydrate_rate,MAX,,,5.0,mg/kg/min,clinician_selected,daily,,,false,false,limit_check
ESPEN23_R25_RULE,ESPEN23_R25,CHECK_LIMIT,CALCULATED_RESULT,iv_lipid,MAX,,,1.5,g/kg/day,clinician_selected,daily,,,false,false,limit_check
ASPEN22_Q1_RULE,ASPEN22_Q1,CALCULATE,CLINICIAN_CONFIRMATION_REQUIRED,energy,RANGE,12,,25,kcal/kg/day,clinician_selected,ICU_days_1_10,1,10,false,false,weight_based
ASPEN22_Q2_RULE,ASPEN22_Q2,REFERENCE,CLINICIAN_CONFIRMATION_REQUIRED,protein,RANGE,1.2,,2.0,g/kg/day,clinician_selected,legacy_2016,,,false,false,weight_based
ASPEN22_Q3_RULE,ASPEN22_Q3,DECISION_SUPPORT,CLINICIAN_CONFIRMATION_REQUIRED,nutrition_route,REFERENCE,,,,,,,,1,7,false,false,none
ASPEN22_Q4_RULE,ASPEN22_Q4,ALERT,CLINICIAN_CONFIRMATION_REQUIRED,supplemental_pn,NOT_BEFORE,,7,,ICU_day,,timing,,7,false,true,none
