source_id,product_id,source_type,source_title,verification_status,notes,source_url,accessed_on,document_version,reviewed_by,reviewed_on
SRC_ENSURE_ORIGINAL,ABB_ENSURE_ORIGINAL_GHREF,MANUFACTURER_PDF,Abbott Nutrition Adult Nutrition Product Guide,PENDING_VERIFICATION,Accepted as a Ghana-relevant reference; verify exact pack identity when formulations differ locally,,2026-10-01,pp. 40–41,,
SRC_ENSURE_PLUS,ABB_ENSURE_PLUS_GHREF,MANUFACTURER_PDF,Abbott Nutrition Adult Nutrition Product Guide,PENDING_VERIFICATION,Accepted as a Ghana-relevant reference; verify exact pack identity when formulations differ locally,,2026-10-01,pp. 46–47,,
SRC_GLU_10,ABB_GLU_10_GHREF,MANUFACTURER_PDF,Abbott Nutrition Adult Nutrition Product Guide,PENDING_VERIFICATION,Accepted as a Ghana-relevant reference; verify exact pack identity when formulations differ locally,,2026-10-01,pp. 56–57,,
SRC_GLU_12,ABB_GLU_12_GHREF,MANUFACTURER_PDF,Abbott Nutrition Adult Nutrition Product Guide,PENDING_VERIFICATION,Accepted as a Ghana-relevant reference; verify exact pack identity when formulations differ locally,,2026-10-01,pp. 58–59,,
SRC_GLU_15,ABB_GLU_15_GHREF,MANUFACTURER_PDF,Abbott Nutrition Adult Nutrition Product Guide,PENDING_VERIFICATION,Accepted as a Ghana-relevant reference; verify exact pack identity when formulations differ locally,,2026-10-01,pp. 60–61,,
SRC_GLU_30P,ABB_GLU_30P_GHREF,MANUFACTURER_PDF,Abbott Nutrition Adult Nutrition Product Guide,PENDING_VERIFICATION,Accepted as a Ghana-relevant reference; verify exact pack identity when formulations differ locally,,2026-10-01,pp. 62–63,,
SRC_GLU_HSMS,ABB_GLU_HSMS_GHREF,MANUFACTURER_PDF,Abbott Nutrition Adult Nutrition Product Guide,PENDING_VERIFICATION,Accepted as a Ghana-relevant reference; verify exact pack identity when formulations differ locally,,2026-10-01,pp. 64–65,,
SRC_GLU_HSP,ABB_GLU_HSP_GHREF,MANUFACTURER_PDF,Abbott Nutrition Adult Nutrition Product Guide,PENDING_VERIFICATION,Accepted as a Ghana-relevant reference; verify exact pack identity when formulations differ locally,,2026-10-01,pp. 66–67,,
SRC_GLU_HSS,ABB_GLU_HSS_GHREF,MANUFACTURER_PDF,Abbott Nutrition Adult Nutrition Product Guide,PENDING_VERIFICATION,Accepted as a Ghana-relevant reference; verify exact pack identity when formulations differ locally,,2026-10-01,pp. 68–69,,
SRC_GLU_MINI,ABB_GLU_MINI_GHREF,MANUFACTURER_PDF,Abbott Nutrition Adult Nutrition Product Guide,PENDING_VERIFICATION,Accepted as a Ghana-relevant reference; verify exact pack identity when formulations differ locally,,2026-10-01,pp. 70–71,,
SRC_GLU_SHAKE,ABB_GLU_SHAKE_GHREF,MANUFACTURER_PDF,Abbott Nutrition Adult Nutrition Product Guide,PENDING_VERIFICATION,Accepted as a Ghana-relevant reference; verify exact pack identity when formulations differ locally,,2026-10-01,pp. 72–73,,
SRC_GLU_BAR,ABB_GLU_BAR_GHREF,MANUFACTURER_PDF,Abbott Nutrition Adult Nutrition Product Guide,PENDING_VERIFICATION,Accepted as a Ghana-relevant reference; verify exact pack identity when formulations differ locally,,2026-10-01,pp. 74–75,,
SRC_GLU_SNACK,ABB_GLU_SNACK_GHREF,MANUFACTURER_PDF,Abbott Nutrition Adult Nutrition Product Guide,PENDING_VERIFICATION,Accepted as a Ghana-relevant reference; verify exact pack identity when formulations differ locally,,2026-10-01,pp. 76–77,,
SRC_GLU_TN,ABB_GLU_TN_GHREF,MANUFACTURER_PDF,Abbott Nutrition Adult Nutrition Product Guide,PENDING_VERIFICATION,Accepted as a Ghana-relevant reference; verify exact pack identity when formulations differ locally,,2026-10-01,pp. 78–79,,
SRC_PED_STD,ABB_PED_STD_GHREF,MANUFACTURER_PDF,Abbott Nutrition Adult Nutrition Product Guide,PENDING_VERIFICATION,Accepted as a Ghana-relevant reference; verify exact pack identity when formulations differ locally,,2026-10-01,pp. 172–173,,
