product_id,manufacturer,product_name,category,subcategory,route,physical_form,market,verification_status,active
ABB_ENSURE_ORIGINAL_GHREF,Abbott,Ensure Original Shake,ORAL_NUTRITION_SUPPLEMENT,STANDARD,ORAL,READY_TO_DRINK,GHANA_REFERENCE,PENDING_VERIFICATION,false
ABB_ENSURE_PLUS_GHREF,Abbott,Ensure Plus Nutrition Shake,ORAL_NUTRITION_SUPPLEMENT,HIGH_ENERGY_HIGH_PROTEIN,ORAL,READY_TO_DRINK,GHANA_REFERENCE,PENDING_VERIFICATION,false
ABB_GLU_10_GHREF,Abbott,Glucerna 1.0 Cal,ENTERAL_FORMULA,DIABETES_SPECIFIC,ORAL_ENTERAL,READY_TO_FEED,GHANA_REFERENCE,PENDING_VERIFICATION,false
ABB_GLU_12_GHREF,Abbott,Glucerna 1.2 Cal,ENTERAL_FORMULA,DIABETES_SPECIFIC,ORAL_ENTERAL,READY_TO_FEED,GHANA_REFERENCE,PENDING_VERIFICATION,false
ABB_GLU_15_GHREF,Abbott,Glucerna 1.5 Cal,ENTERAL_FORMULA,DIABETES_SPECIFIC,ORAL_ENTERAL,READY_TO_FEED,GHANA_REFERENCE,PENDING_VERIFICATION,false
ABB_GLU_30P_GHREF,Abbott,Glucerna 30g Protein Shake,ORAL_NUTRITION_SUPPLEMENT,DIABETES_HIGH_PROTEIN,ORAL,READY_TO_DRINK,GHANA_REFERENCE,PENDING_VERIFICATION,false
ABB_GLU_HSMS_GHREF,Abbott,Glucerna Hunger Smart Meal Size Shake,ORAL_NUTRITION_SUPPLEMENT,DIABETES_MEAL_REPLACEMENT,ORAL,READY_TO_DRINK,GHANA_REFERENCE,PENDING_VERIFICATION,false
ABB_GLU_HSP_GHREF,Abbott,Glucerna Hunger Smart Powder,ORAL_NUTRITION_SUPPLEMENT,DIABETES_POWDER,ORAL,POWDER,GHANA_REFERENCE,PENDING_VERIFICATION,false
ABB_GLU_HSS_GHREF,Abbott,Glucerna Hunger Smart Shake,ORAL_NUTRITION_SUPPLEMENT,DIABETES_MEAL_REPLACEMENT,ORAL,READY_TO_DRINK,GHANA_REFERENCE,PENDING_VERIFICATION,false
ABB_GLU_MINI_GHREF,Abbott,Glucerna Mini Treats Bars,FOOD_SUPPLEMENT,DIABETES_SNACK,ORAL,BAR,GHANA_REFERENCE,PENDING_VERIFICATION,false
ABB_GLU_SHAKE_GHREF,Abbott,Glucerna Shake,ORAL_NUTRITION_SUPPLEMENT,DIABETES_SPECIFIC,ORAL,READY_TO_DRINK,GHANA_REFERENCE,PENDING_VERIFICATION,false
ABB_GLU_BAR_GHREF,Abbott,Glucerna Snack Bars,FOOD_SUPPLEMENT,DIABETES_SNACK,ORAL,BAR,GHANA_REFERENCE,PENDING_VERIFICATION,false
ABB_GLU_SNACK_GHREF,Abbott,Glucerna Snack Shake,ORAL_NUTRITION_SUPPLEMENT,DIABETES_SNACK,ORAL,READY_TO_DRINK,GHANA_REFERENCE,PENDING_VERIFICATION,false
ABB_GLU_TN_GHREF,Abbott,Glucerna Therapeutic Nutrition Shake,ORAL_NUTRITION_SUPPLEMENT,DIABETES_THERAPEUTIC,ORAL,READY_TO_DRINK,GHANA_REFERENCE,PENDING_VERIFICATION,false
ABB_PED_STD_GHREF,Abbott,PediaSure Enteral Formula 1.0 Cal,ENTERAL_FORMULA,PEDIATRIC_STANDARD,ORAL_ENTERAL,READY_TO_FEED,GHANA_REFERENCE,PENDING_VERIFICATION,false
