preparation_id,product_id,preparation_name,preparation_type,basis_quantity,basis_unit,notes
PREP_ENSURE_ORIGINAL,ABB_ENSURE_ORIGINAL_GHREF,Manufacturer reference serving/preparation,READY_TO_DRINK,237,mL,Abbott guide pp. 40–41; retain exact product identity when selecting a Ghana-market pack
PREP_ENSURE_PLUS,ABB_ENSURE_PLUS_GHREF,Manufacturer reference serving/preparation,READY_TO_DRINK,237,mL,Abbott guide pp. 46–47; retain exact product identity when selecting a Ghana-market pack
PREP_GLU_10,ABB_GLU_10_GHREF,Manufacturer reference serving/preparation,READY_TO_FEED,237,mL,Abbott guide pp. 56–57; retain exact product identity when selecting a Ghana-market pack
PREP_GLU_12,ABB_GLU_12_GHREF,Manufacturer reference serving/preparation,READY_TO_FEED,237,mL,Abbott guide pp. 58–59; retain exact product identity when selecting a Ghana-market pack
PREP_GLU_15,ABB_GLU_15_GHREF,Manufacturer reference serving/preparation,READY_TO_FEED,237,mL,Abbott guide pp. 60–61; retain exact product identity when selecting a Ghana-market pack
PREP_GLU_30P,ABB_GLU_30P_GHREF,Manufacturer reference serving/preparation,READY_TO_DRINK,330,mL,Abbott guide pp. 62–63; retain exact product identity when selecting a Ghana-market pack
PREP_GLU_HSMS,ABB_GLU_HSMS_GHREF,Manufacturer reference serving/preparation,READY_TO_DRINK,473,mL,Abbott guide pp. 64–65; retain exact product identity when selecting a Ghana-market pack
PREP_GLU_HSP,ABB_GLU_HSP_GHREF,Manufacturer reference serving/preparation,POWDER,33,g,Abbott guide pp. 66–67; retain exact product identity when selecting a Ghana-market pack
PREP_GLU_HSS,ABB_GLU_HSS_GHREF,Manufacturer reference serving/preparation,READY_TO_DRINK,296,mL,Abbott guide pp. 68–69; retain exact product identity when selecting a Ghana-market pack
PREP_GLU_MINI,ABB_GLU_MINI_GHREF,Manufacturer reference serving/preparation,BAR,20,g,Abbott guide pp. 70–71; retain exact product identity when selecting a Ghana-market pack
PREP_GLU_SHAKE,ABB_GLU_SHAKE_GHREF,Manufacturer reference serving/preparation,READY_TO_DRINK,237,mL,Abbott guide pp. 72–73; retain exact product identity when selecting a Ghana-market pack
PREP_GLU_BAR,ABB_GLU_BAR_GHREF,Manufacturer reference serving/preparation,BAR,40,g,Abbott guide pp. 74–75; retain exact product identity when selecting a Ghana-market pack
PREP_GLU_SNACK,ABB_GLU_SNACK_GHREF,Manufacturer reference serving/preparation,READY_TO_DRINK,237,mL,Abbott guide pp. 76–77; retain exact product identity when selecting a Ghana-market pack
PREP_GLU_TN,ABB_GLU_TN_GHREF,Manufacturer reference serving/preparation,READY_TO_DRINK,237,mL,Abbott guide pp. 78–79; retain exact product identity when selecting a Ghana-market pack
PREP_PED_STD,ABB_PED_STD_GHREF,Manufacturer reference serving/preparation,READY_TO_FEED,237,mL,Abbott guide pp. 172–173; retain exact product identity when selecting a Ghana-market pack
