reference_id,category,topic,title,summary,formula,units,source_id,evidence_status,source_locator,verified_on
REF-ENERGY-IC,Energy,Energy expenditure,Indirect calorimetry,Indirect calorimetry is the preferred method for determining energy expenditure when available.,Measured EE,kcal/day,ESPEN_ICU_2023,SUPPORTED_RECOMMENDATION,Energy section,2026-09-30
REF-ENERGY-ASPEN,Energy,Weight-based energy,ASPEN early ICU energy range,ASPEN suggests 12-25 kcal/kg/day during the first 7-10 ICU days; use a clinician-selected dosing weight.,12-25 × dosing weight,kcal/day,ASPEN_ICU_2022,SUPPORTED_RECOMMENDATION,Energy question,2026-09-30
REF-PROTEIN-ESPEN,Protein,Protein provision,ESPEN protein target,Protein delivery around 1.3 g/kg/day should be delivered progressively in critically ill adults.,1.3 × selected weight,g/day,ESPEN_ICU_2023,SUPPORTED_RECOMMENDATION,Protein section,2026-09-30
REF-PROTEIN-ASPEN,Protein,Protein provision,ASPEN 2022 protein evidence,The focused ASPEN update found insufficient evidence to issue a new protein-dose recommendation; older guidance should be identified as legacy when shown.,,g/kg/day,ASPEN_ICU_2022,INSUFFICIENT_EVIDENCE,Protein question,2026-09-30
REF-EN-TIMING,Route & timing,Enteral nutrition,Early EN,When oral intake is not possible in the applicable critically ill adult population early EN should generally be initiated within 48 hours.,Within 48 h,hours,ESPEN_ICU_2023,SUPPORTED_RECOMMENDATION,EN timing section,2026-09-30
REF-CARB,Macronutrients,Carbohydrate,Maximum carbohydrate administration,Carbohydrate administration should not exceed the guideline maximum glucose delivery rate.,≤5,mg/kg/min,ESPEN_ICU_2023,SUPPORTED_RECOMMENDATION,Carbohydrate section,2026-09-30
REF-LIPID,Macronutrients,Lipid,IV lipid ceiling,IV lipid including non-nutritional lipid sources should not exceed the stated maximum and should be adjusted to tolerance.,≤1.5,g/kg/day,ESPEN_ICU_2023,SUPPORTED_RECOMMENDATION,Lipid section,2026-09-30
REF-REFEED,Monitoring,Refeeding,Refeeding hypophosphatemia trigger,ESPEN identifies refeeding hypophosphatemia using low phosphate or a clinically important phosphate fall and recommends intensified electrolyte monitoring.,Phosphate <0.65 mmol/L OR fall >0.16 mmol/L,mmol/L,ESPEN_ICU_2023,SUPPORTED_RECOMMENDATION,Refeeding section,2026-09-30
CALC-BMI,Formula,Anthropometry,Body mass index,Standard BMI calculation.,weight / height²,kg/m²,GENERAL_CALC,CALCULATION_REFERENCE,Standard equation,2026-09-30
CALC-WEIR,Formula,Indirect calorimetry,Weir equation,Calculate energy expenditure from oxygen consumption and carbon dioxide production when appropriate measurements are available.,(3.941×VO2 + 1.106×VCO2) × 1.44,kcal/day,GENERAL_CALC,CALCULATION_REFERENCE,Weir equation,2026-09-30
CALC-GIR,Formula,Glucose,Glucose infusion rate,Convert daily glucose exposure to a weight-normalized minute rate.,glucose g/day × 1000 / (weight kg × 1440),mg/kg/min,GENERAL_CALC,CALCULATION_REFERENCE,Standard calculation,2026-09-30
CALC-NITROGEN,Formula,Nitrogen,Nitrogen intake,Estimate nitrogen intake from protein intake.,protein g / 6.25,g nitrogen,GENERAL_CALC,CALCULATION_REFERENCE,Standard calculation,2026-09-30
CALC-NBAL,Formula,Nitrogen,Nitrogen balance,Estimate nitrogen balance using UUN plus an explicit estimate of non-urinary nitrogen losses.,protein/6.25 − (UUN + non-urinary losses),g nitrogen/day,GENERAL_CALC,CALCULATION_REFERENCE,Standard calculation,2026-09-30
CALC-NPCN,Formula,Nitrogen,NPC:N ratio,Calculate non-protein calories per gram nitrogen.,(total kcal − protein×4) / (protein/6.25),ratio,GENERAL_CALC,CALCULATION_REFERENCE,Standard calculation,2026-09-30
CONV-KCAL-KJ,Conversion,Energy,kcal to kJ,Energy conversion.,kcal × 4.184,kJ,GENERAL_CALC,CALCULATION_REFERENCE,SI conversion,2026-09-30
CONV-KJ-KCAL,Conversion,Energy,kJ to kcal,Energy conversion.,kJ / 4.184,kcal,GENERAL_CALC,CALCULATION_REFERENCE,SI conversion,2026-09-30
CALC-IBW-DEVINE-M,Weight & obesity,Dosing weight,Devine IBW — male,"Common adult ideal-body-weight estimate. This is a calculation convention, not a universal ICU dosing-weight recommendation.",50 + 2.3 × inches over 60,kg,GENERAL_CALC,CALCULATION_REFERENCE,Standard bedside calculation,2026-09-30
CALC-IBW-DEVINE-F,Weight & obesity,Dosing weight,Devine IBW — female,"Common adult ideal-body-weight estimate. This is a calculation convention, not a universal ICU dosing-weight recommendation.",45.5 + 2.3 × inches over 60,kg,GENERAL_CALC,CALCULATION_REFERENCE,Standard bedside calculation,2026-09-30
CALC-ADJBW,Weight & obesity,Dosing weight,Adjusted body weight,Common adjusted-weight convention. Use only when the selected guideline/protocol calls for it; the correction factor is not universal.,IBW + 0.4 × (actual weight − IBW),kg,GENERAL_CALC,CALCULATION_REFERENCE,Standard bedside calculation,2026-09-30
CALC-PCTWT,Weight & obesity,Anthropometry,Percentage weight loss,Calculate percentage loss from usual to current body weight. Interpret with timeframe and clinical context.,(usual weight − current weight) / usual weight × 100,%,GENERAL_CALC,CALCULATION_REFERENCE,Standard bedside calculation,2026-09-30
CALC-FLUID-WT,Fluid & electrolytes,Fluid,Weight-based fluid estimate,"Generic weight-based fluid arithmetic. This is an estimate only and not an ICU fluid prescription; account for organ function, losses, inputs and resuscitation status.",weight × selected mL/kg,mL/day,GENERAL_CALC,CALCULATION_REFERENCE,Standard bedside calculation,2026-09-30
CALC-FREEWATER,Fluid & electrolytes,Enteral formula,Formula free-water delivery,Calculate water delivered from a product using verified product water content.,volume delivered × water per mL,mL/day,GENERAL_CALC,CALCULATION_REFERENCE,Standard bedside calculation,2026-09-30
CALC-FLUIDBAL,Fluid & electrolytes,Fluid balance,Daily fluid balance,Arithmetic balance of measured inputs and outputs; missing components should remain missing rather than assumed zero.,total input − total output,mL/day,GENERAL_CALC,CALCULATION_REFERENCE,Standard bedside calculation,2026-09-30
CONV-NA-MEQ,Fluid & electrolytes,Electrolyte conversion,Sodium mmol ↔ mEq,"For monovalent sodium, numeric mmol and mEq values are equal.",1 mmol Na+ = 1 mEq Na+,mmol / mEq,GENERAL_CALC,CALCULATION_REFERENCE,Standard bedside calculation,2026-09-30
CONV-K-MEQ,Fluid & electrolytes,Electrolyte conversion,Potassium mmol ↔ mEq,"For monovalent potassium, numeric mmol and mEq values are equal.",1 mmol K+ = 1 mEq K+,mmol / mEq,GENERAL_CALC,CALCULATION_REFERENCE,Standard bedside calculation,2026-09-30
CONV-VALENCE,Fluid & electrolytes,Electrolyte conversion,mmol ↔ mEq by valence,"For an ion, mEq depends on ionic valence; do not apply monovalent conversions to calcium or magnesium.",mEq = mmol × |valence|,mEq,GENERAL_CALC,CALCULATION_REFERENCE,Standard bedside calculation,2026-09-30
CALC-DEX-KCAL,Parenteral nutrition,Energy,IV dextrose energy,Energy from parenteral dextrose uses 3.4 kcal per gram.,dextrose g × 3.4,kcal,GENERAL_CALC,CALCULATION_REFERENCE,Standard bedside calculation,2026-09-30
CALC-AA-KCAL,Parenteral nutrition,Energy,Amino-acid energy,Common PN macronutrient accounting uses approximately 4 kcal per gram of amino acids/protein.,amino acids g × 4,kcal,GENERAL_CALC,CALCULATION_REFERENCE,Standard bedside calculation,2026-09-30
CALC-PN-LIPID,Parenteral nutrition,Lipid,IV lipid energy,Use the verified energy density of the actual lipid emulsion/product; do not assume all lipid emulsions have the same kcal/mL.,volume × product-specific kcal/mL,kcal,GENERAL_CALC,CALCULATION_REFERENCE,Standard bedside calculation,2026-09-30
CALC-PN-TOTAL,Parenteral nutrition,Energy,Total PN energy,"Sum verified energy contributions from dextrose, amino acids and lipid; include other energy sources separately when relevant.",dextrose kcal + amino-acid kcal + lipid kcal,kcal/day,GENERAL_CALC,CALCULATION_REFERENCE,Standard bedside calculation,2026-09-30
CALC-RQ,Indirect calorimetry,Ventilation,Respiratory quotient,Calculate RQ from simultaneous VCO2 and VO2 measurements; interpretation requires valid steady-state measurements.,VCO2 / VO2,ratio,GENERAL_CALC,CALCULATION_REFERENCE,Standard bedside calculation,2026-09-30
CALC-VCO2-EE,Indirect calorimetry,Energy expenditure,VCO2-based EE estimate,A VCO2-derived estimate is an estimate rather than measured indirect calorimetry; use the equation specified by the selected protocol/source.,protocol-specific VCO2 equation,kcal/day,GENERAL_CALC,CALCULATION_REFERENCE,Standard bedside calculation,2026-09-30
REF-IC-PREF,Indirect calorimetry,Energy expenditure,Prefer measured energy expenditure,ESPEN ICU guidance prefers indirect calorimetry for determining energy expenditure when available.,Measured EE,kcal/day,ESPEN_ICU_2023,SUPPORTED_RECOMMENDATION,Energy expenditure section,2026-09-30
REF-KIDNEY-INDIV,Renal / KRT,Kidney disease,Individualize nutrition in AKI/CKD,"Hospitalized patients with acute or chronic kidney disease require nutrition assessment and therapy adapted to kidney function, illness severity and kidney replacement therapy context.",,,ESPEN_KIDNEY_2024,SUPPORTED_RECOMMENDATION,General practical guideline,2026-09-30
REF-KRT-LOSSES,Renal / KRT,Kidney replacement therapy,Account for KRT-related nutrient losses,Kidney replacement therapy can alter nutrient and micronutrient losses. Use the kidney guideline and local KRT modality information rather than a single universal replacement value.,,,ESPEN_KIDNEY_2024,SUPPORTED_RECOMMENDATION,Kidney replacement therapy sections,2026-09-30
REF-REFEED-ELEC,Refeeding,Electrolytes,Refeeding electrolyte monitoring,"In patients with refeeding hypophosphatemia, ESPEN ICU guidance supports intensified monitoring of phosphate, potassium and magnesium while nutrition progression is reassessed.",,,ESPEN_ICU_2023,SUPPORTED_RECOMMENDATION,Refeeding section,2026-09-30
REF-MICRO-DEF,Micronutrients,Deficiency,Treat documented/suspected deficiency contextually,"Micronutrient supplementation should account for clinical context, deficiency risk, route, organ function and potential toxicity; avoid assuming that high-dose supplementation is routinely beneficial.",,,ESPEN_MICRO_2024,SUPPORTED_RECOMMENDATION,Practical short micronutrient guideline,2026-09-30
REF-MICRO-PN,Micronutrients,Parenteral nutrition,Micronutrients with PN,Complete PN requires attention to vitamins and trace elements rather than macronutrients alone; product composition and duration should be reviewed.,,,ESPEN_MICRO_2024,SUPPORTED_RECOMMENDATION,Parenteral nutrition considerations,2026-09-30
CONV-KG-LB,Conversion,Mass,kg to lb,Mass conversion.,kg × 2.20462,lb,GENERAL_CALC,CALCULATION_REFERENCE,Standard bedside calculation,2026-09-30
CONV-LB-KG,Conversion,Mass,lb to kg,Mass conversion.,lb ÷ 2.20462,kg,GENERAL_CALC,CALCULATION_REFERENCE,Standard bedside calculation,2026-09-30
CONV-CM-IN,Conversion,Length,cm to inches,Length conversion.,cm ÷ 2.54,in,GENERAL_CALC,CALCULATION_REFERENCE,Standard bedside calculation,2026-09-30
CONV-IN-CM,Conversion,Length,inches to cm,Length conversion.,in × 2.54,cm,GENERAL_CALC,CALCULATION_REFERENCE,Standard bedside calculation,2026-09-30
CONV-L-ML,Conversion,Volume,L ↔ mL,Volume conversion.,1 L = 1000 mL,L / mL,GENERAL_CALC,CALCULATION_REFERENCE,Standard bedside calculation,2026-09-30
