product_id,preparation_id,nutrient_id,amount,unit,basis_quantity,basis_unit,data_quality
DEMO_EN_15,PREP_EN_15,ENERGY,150,kcal,100,mL,DEMO_ONLY
DEMO_EN_15,PREP_EN_15,PROTEIN,6.3,g,100,mL,DEMO_ONLY
DEMO_EN_15,PREP_EN_15,CARBOHYDRATE,18.4,g,100,mL,DEMO_ONLY
DEMO_EN_15,PREP_EN_15,FAT,5.5,g,100,mL,DEMO_ONLY
DEMO_EN_15,PREP_EN_15,FIBRE,1.5,g,100,mL,DEMO_ONLY
DEMO_EN_15,PREP_EN_15,WATER,78,mL,100,mL,DEMO_ONLY
DEMO_EN_15,PREP_EN_15,SODIUM,120,mg,100,mL,DEMO_ONLY
DEMO_EN_15,PREP_EN_15,POTASSIUM,180,mg,100,mL,DEMO_ONLY
DEMO_EN_15,PREP_EN_15,PHOSPHORUS,90,mg,100,mL,DEMO_ONLY
DEMO_EN_HP,PREP_EN_HP,ENERGY,125,kcal,100,mL,DEMO_ONLY
DEMO_EN_HP,PREP_EN_HP,PROTEIN,7.5,g,100,mL,DEMO_ONLY
DEMO_EN_HP,PREP_EN_HP,CARBOHYDRATE,14,g,100,mL,DEMO_ONLY
DEMO_EN_HP,PREP_EN_HP,FAT,4.5,g,100,mL,DEMO_ONLY
DEMO_EN_HP,PREP_EN_HP,FIBRE,2,g,100,mL,DEMO_ONLY
DEMO_EN_HP,PREP_EN_HP,WATER,82,mL,100,mL,DEMO_ONLY
DEMO_EN_HP,PREP_EN_HP,SODIUM,110,mg,100,mL,DEMO_ONLY
DEMO_EN_HP,PREP_EN_HP,POTASSIUM,170,mg,100,mL,DEMO_ONLY
DEMO_ONS,PREP_ONS,ENERGY,160,kcal,100,mL,DEMO_ONLY
DEMO_ONS,PREP_ONS,PROTEIN,6,g,100,mL,DEMO_ONLY
DEMO_ONS,PREP_ONS,CARBOHYDRATE,20,g,100,mL,DEMO_ONLY
DEMO_ONS,PREP_ONS,FAT,6,g,100,mL,DEMO_ONLY
DEMO_ONS,PREP_ONS,WATER,75,mL,100,mL,DEMO_ONLY
DEMO_ONS,PREP_ONS,SODIUM,100,mg,100,mL,DEMO_ONLY
DEMO_PROTEIN,PREP_PROTEIN,ENERGY,360,kcal,100,g,DEMO_ONLY
DEMO_PROTEIN,PREP_PROTEIN,PROTEIN,85,g,100,g,DEMO_ONLY
